,Beans,Maize,Onions,Rice,Tomatoes
count,1077.0,1076.0,1051.0,1070.0,1081.0
mean,277.611234911792,305.0942472118959,313.166422454805,289.55824299065426,316.297474560592
std,43.26739536134128,51.76385786358234,74.6323512358984,61.255014512257965,72.08403388102455
min,200.66,219.29,185.9,194.34,184.7
25%,235.95,262.77,248.97,235.72,265.34
50%,282.03,302.21500000000003,302.11,279.62,298.27
75%,312.19,341.45,389.28,345.47,384.96
max,351.26,402.85,439.3,396.32,435.21
