model,RMSE,MAE,R2,MAPE
LinearRegression,5.370802545861263,1.9568290213643595,0.992272970921883,0.6574002782773745
RandomForest,5.686244487750889,2.400823192090402,0.9913386571101824,0.7730404207622169
XGBoost,3.8170944325230365,1.7426246172371564,0.9960969871343528,0.5677789105124249
