market,Abuja,Kano,Lagos
Abuja,1.0,0.84232808568431,0.7452385496727754
Kano,0.84232808568431,1.0,0.7332546925486004
Lagos,0.7452385496727754,0.7332546925486004,1.0
