{
  "random_forest": {
    "r2": 1.0,
    "rmse": 0.0,
    "mae": 0.0
  },
  "linear_regression": {
    "r2": 1.0,
    "rmse": 1.538370149106851e-15,
    "mae": 1.3322676295501878e-15
  }
}